Transaction ID,Payer ID,Amount,Beneficiary ID,Timestamp
TX77049,Payer1,4909.759707986744,Beneficiary14,2024-12-07 11:47:10
TX28361,Payer42,1632.4358501415265,Beneficiary13,2024-12-07 11:47:12
TX24700,Payer74,4995.1032256736,Beneficiary47,2024-12-07 11:47:13
TX91720,Payer10,3336.7737121264995,Beneficiary14,2024-12-07 11:47:14
TX87495,Payer40,601.97692092671,Beneficiary91,2024-12-07 11:47:16
TX47084,Payer33,4375.076845277308,Beneficiary51,2024-12-07 11:47:17
TX58176,Payer68,3597.3284561218875,Beneficiary61,2024-12-07 11:47:18
TX91539,Payer39,4248.305258160311,Beneficiary24,2024-12-07 11:47:19
TX1931,Payer7,3607.9937409076283,Beneficiary38,2024-12-07 11:47:20
TX30692,Payer42,2382.479384639348,Beneficiary20,2024-12-07 11:47:21
TX1895,Payer19,3557.1281774891627,Beneficiary25,2024-12-07 11:47:22
TX9924,Payer39,855.3567091999587,Beneficiary30,2024-12-07 11:47:24
TX11773,Payer48,4326.700350528622,Beneficiary29,2024-12-07 11:47:25
TX10286,Payer6,1666.7259157830854,Beneficiary39,2024-12-07 11:47:26
TX22304,Payer84,1444.7642337283717,Beneficiary16,2024-12-07 11:47:27
TX39497,Payer92,3336.994559334309,Beneficiary30,2024-12-07 11:47:28
TX92886,Payer42,4775.00957841655,Beneficiary53,2024-12-07 11:47:29
TX73659,Payer12,3700.0592414419248,Beneficiary15,2024-12-07 11:47:30
TX2141,Payer74,2187.1797094287854,Beneficiary33,2024-12-07 11:47:32
TX67971,Payer57,3756.6527871546687,Beneficiary95,2024-12-07 11:47:33
TX99473,Payer15,1130.8412273060503,Beneficiary11,2024-12-07 11:47:34
TX80140,Payer62,4229.89434381011,Beneficiary5,2024-12-07 11:47:35
TX29619,Payer92,2926.5800704655353,Beneficiary61,2024-12-07 11:47:36
TX31652,Payer51,1981.4478113502432,Beneficiary71,2024-12-07 11:47:37
TX13644,Payer78,3667.241115899428,Beneficiary49,2024-12-07 11:47:38
TX43188,Payer56,1029.7243294317343,Beneficiary68,2024-12-07 11:47:39
TX92056,Payer7,4610.952041846475,Beneficiary9,2024-12-07 11:47:40
TX84082,Payer44,495.50329695035146,Beneficiary86,2024-12-07 11:47:41
TX53158,Payer19,3305.384776796668,Beneficiary19,2024-12-07 11:47:43
TX40473,Payer36,3179.1528449756665,Beneficiary64,2024-12-07 11:47:44
TX66628,Payer69,2851.403768545771,Beneficiary64,2024-12-07 11:47:46
TX73762,Payer78,4550.613230437998,Beneficiary25,2024-12-07 11:47:47
TX84895,Payer73,4370.665630294457,Beneficiary62,2024-12-07 11:47:48
TX80756,Payer65,1971.166868008255,Beneficiary37,2024-12-07 11:47:50
TX85041,Payer33,2047.025368232277,Beneficiary18,2024-12-07 11:47:51
TX13374,Payer67,1836.8300320799303,Beneficiary0,2024-12-07 11:47:52
TX49884,Payer78,3961.2610146662864,Beneficiary5,2024-12-07 11:47:54
TX68429,Payer35,2768.395589149793,Beneficiary77,2024-12-07 11:47:55
TX49115,Payer89,2212.544659754299,Beneficiary16,2024-12-07 11:47:56
TX24064,Payer77,2813.5725980930783,Beneficiary50,2024-12-07 11:47:57
TX30657,Payer23,4632.513105152863,Beneficiary91,2024-12-07 11:47:58
TX46336,Payer80,3072.487345041976,Beneficiary90,2024-12-07 11:47:59
TX88001,Payer53,1347.3684469572727,Beneficiary70,2024-12-07 11:48:00
TX52981,Payer94,4018.6060206150537,Beneficiary76,2024-12-07 11:48:01
TX96597,Payer1,3863.16056270796,Beneficiary74,2024-12-07 11:48:03
TX18172,Payer35,4731.864643880773,Beneficiary6,2024-12-07 11:48:04
TX71875,Payer24,2556.6746999026636,Beneficiary19,2024-12-07 11:48:05
TX87676,Payer92,2067.752778558752,Beneficiary82,2024-12-07 11:48:06
TX89794,Payer20,1000.898724124768,Beneficiary40,2024-12-07 11:48:07
TX13887,Payer94,2593.003712665402,Beneficiary1,2024-12-07 11:48:08
TX42178,Payer94,4476.035709797959,Beneficiary10,2024-12-07 11:48:09
TX67557,Payer69,672.4553213777262,Beneficiary30,2024-12-07 11:48:10
TX13810,Payer73,84.944018004523,Beneficiary86,2024-12-07 11:48:11
TX53659,Payer35,2999.016500251742,Beneficiary16,2024-12-07 11:48:12
TX52068,Payer21,860.6287791517786,Beneficiary64,2024-12-07 11:48:14
TX74995,Payer98,1835.3123457834974,Beneficiary92,2024-12-07 11:48:15
TX62484,Payer76,112.22118827503846,Beneficiary56,2024-12-07 11:48:16
TX42901,Payer97,3356.6968453349546,Beneficiary28,2024-12-07 11:48:17
TX71086,Payer75,478.4053284711831,Beneficiary11,2024-12-07 11:48:18
TX187,Payer50,435.4761816349806,Beneficiary13,2024-12-07 11:48:20
TX82390,Payer89,2951.4901104230416,Beneficiary16,2024-12-07 11:48:21
TX54721,Payer78,3529.3216345813416,Beneficiary60,2024-12-07 11:48:22
TX47369,Payer64,1693.6652970780285,Beneficiary63,2024-12-07 11:48:24
TX15139,Payer94,3686.2992139329453,Beneficiary28,2024-12-07 11:48:25
TX72585,Payer1,3216.1709468708705,Beneficiary88,2024-12-07 11:48:26
TX81960,Payer16,1067.388103020208,Beneficiary33,2024-12-07 11:48:27
TX77950,Payer87,2343.2989620902567,Beneficiary40,2024-12-07 11:48:28
TX14692,Payer26,3436.8809637645086,Beneficiary73,2024-12-07 11:48:30
TX38401,Payer12,3981.8249965096543,Beneficiary27,2024-12-07 11:48:31
TX26212,Payer5,263.0916542864731,Beneficiary40,2024-12-07 11:48:32
TX26747,Payer49,4692.532391319112,Beneficiary22,2024-12-07 11:48:33
TX66249,Payer5,4997.171682389082,Beneficiary1,2024-12-07 11:48:34
TX53746,Payer27,2278.191704851172,Beneficiary36,2024-12-07 11:48:35
TX51262,Payer45,4706.740539666621,Beneficiary20,2024-12-07 11:48:37
TX92748,Payer27,2410.3303345785753,Beneficiary46,2024-12-07 11:48:38
TX98190,Payer95,1093.0468630120677,Beneficiary60,2024-12-07 11:48:39
TX43604,Payer74,3798.3775151713407,Beneficiary25,2024-12-07 11:48:40
TX56183,Payer43,4434.429116392338,Beneficiary33,2024-12-07 11:48:41
TX96739,Payer94,1626.6832901118166,Beneficiary78,2024-12-07 11:48:42
TX30371,Payer61,3703.2770384294477,Beneficiary40,2024-12-07 11:48:43
TX71361,Payer59,2249.240153436229,Beneficiary28,2024-12-07 11:48:44
TX91197,Payer21,1886.1794880294963,Beneficiary51,2024-12-07 11:48:46
TX20369,Payer65,1224.823104181051,Beneficiary13,2024-12-07 11:48:47
TX46311,Payer46,4894.570786535673,Beneficiary72,2024-12-07 11:48:48
TX76627,Payer83,217.20338651246118,Beneficiary85,2024-12-07 11:48:49
TX94673,Payer47,742.391549522669,Beneficiary58,2024-12-07 11:48:50
TX84651,Payer52,3580.9838306255388,Beneficiary70,2024-12-07 11:48:51
TX32654,Payer98,353.88158138232984,Beneficiary98,2024-12-07 11:48:52
TX77191,Payer6,342.68598323613395,Beneficiary48,2024-12-07 11:48:53
TX76456,Payer6,3273.824247289848,Beneficiary81,2024-12-07 11:48:54
TX68294,Payer22,992.6440937755004,Beneficiary21,2024-12-07 11:48:56
TX30684,Payer25,1118.9226766277077,Beneficiary38,2024-12-07 11:48:57
TX26781,Payer38,2984.0222478900223,Beneficiary35,2024-12-07 11:48:58
TX57224,Payer8,126.46532664888133,Beneficiary63,2024-12-07 11:48:59
TX96316,Payer90,33.256842749520565,Beneficiary90,2024-12-07 11:49:00
TX32648,Payer40,28.345205622294923,Beneficiary73,2024-12-07 11:49:01
TX46806,Payer78,4408.196716534523,Beneficiary34,2024-12-07 11:49:03
TX26471,Payer94,1467.5270888376363,Beneficiary25,2024-12-07 11:49:04
TX25125,Payer20,1037.294691057174,Beneficiary97,2024-12-07 11:49:05
TX34938,Payer14,4652.290238528043,Beneficiary64,2024-12-07 11:49:06
TX50356,Payer23,2870.9118124071097,Beneficiary4,2024-12-07 11:49:07
TX19376,Payer83,142.44199976523709,Beneficiary62,2024-12-07 11:49:08
